full_name,email,phone_number,ssn,credit_card
Keith Kramer,tranmarcia@gmail.com,1369494771,696-23-9518,'2256183958575905
Sherry Jones,markcarson@yahoo.com,6133790051,780-81-2578,'4569125699589722833
Sarah Vega,irhodes@gmail.com,5755843439,528-29-4217,'3548730803247159
Lisa Reyes,marianichols@burch-johnson.info,5023015437,825-60-4186,'6553444744597723
Sandra Myers,cschmitt@jones-hood.biz,9333329027,015-99-2308,'4601854576385582
Mary Young,tanyabrown@lopez-burgess.info,9719058266,043-14-0537,'4079102823392891
Seth Rivera,twilson@harris-ramirez.com,4456650269,240-33-1277,'346127432419616
Kathy Briggs,smithapril@beltran-mitchell.com,6893390097,586-76-6581,'060408254344
Christina Young,robyn91@hampton-shaw.org,940558809,050-11-1168,'3526002561601449
Rebecca Rodriguez,alexandriamills@yahoo.com,2356183083,678-14-7141,'372834116625627
Matthew Powell MD,epatel@edwards.com,5207142637,529-83-3116,'2245831540048674
Michelle White,liudanielle@lewis-lewis.org,1658309075,546-34-6186,'5254572075130641
David Richard,moodymathew@yahoo.com,6660392947,299-45-1370,'3543846263195731
Janet Larson,brownmatthew@yahoo.com,2382328074,339-20-2710,'3507597000084084
John Garcia,rodriguezphillip@sanders-holmes.com,1769220466,827-90-7407,'213194783377728
Joshua Griffith,zdavis@hotmail.com,6673464598,239-95-0839,'3576903362230453
William Lawrence,lopezmichael@gmail.com,4627410261,071-04-7521,'4516167636194843
Jessica Ortega,kevin07@hotmail.com,5283556567,626-50-4651,'5229467983789376
Maria Reed,taylorelizabeth@bradley-anderson.com,1942385105,279-21-0903,'6511618263868802
Emily Baldwin,lauriegomez@yahoo.com,2582524004,425-19-0824,'3500867362577851
Angelica Gutierrez,kelsey59@simpson.info,5558172923,564-02-8920,'4424291116513
Keith Ferguson,sara88@yahoo.com,2940981248,241-79-0689,'4252845554618459
David Lozano,camachocarlos@hotmail.com,7996980307,346-37-2248,'4942719877200
Leah Mays,bensonmike@rowe.net,2129970378,076-03-6775,'587052510811
Vickie Dunlap,cody53@cortez.com,3282332066,597-68-3025,'30356441993243
Autumn Moon,barnesrenee@gmail.com,7146373690,321-40-6462,'060405721782
James Garza,michael53@yahoo.com,6024255055,838-24-3261,'4188896150501028
Brandi Hoover,daycole@cherry.org,7089492165,809-96-2957,'579242783812
Nicholas Williams,deborahtaylor@bonilla.org,8486671323,475-27-8745,'2291364587514716
Barry Mcgee,thomas88@yahoo.com,2249357766,779-67-6141,'347819138265066
Alyssa Conley,shelly95@hicks.com,9343216305,190-02-5928,'3542695969012695
Adam Cervantes,timvang@hotmail.com,9215343866,826-79-7996,'6011202482168990
Malik Burns,rliu@johnson.info,1506222681,572-01-2253,'4533220908339976064
Jacob Valdez,vbass@gmail.com,2573255880,501-68-7284,'30135723267876
Ronald Heath,nicolemitchell@yahoo.com,250774858,164-66-3399,'213135717389784
Bruce Martin,avazquez@gmail.com,5565316200,002-67-4334,'2310349104092111
Bruce Bradley,jordansuarez@weeks.com,8164922548,597-61-6582,'30041006148272
John Peck,camachomaria@gallagher.biz,7350522104,481-84-6766,'3512737064085915
Victor Lee,hpayne@yahoo.com,91076974,093-23-2269,'346564822857148
Jasmin Knox,wesleyellis@hotmail.com,6568574042,809-68-5741,'180061082928635
John Cardenas,nicole52@morris.com,2901567506,239-37-6073,'30547389278528
Mr. Edwin Smith DDS,solomonjennifer@garcia.com,9519737171,471-22-8621,'377184256618213
Jeffrey Butler,ricardo83@hotmail.com,950355712,291-24-4854,'3521056238919282
Joseph Bradley,sean16@hotmail.com,4312438145,436-77-4241,'4581865173945713
Tracy Sanchez,johnwatson@walker.com,310071493,769-47-3857,'4692876681172878
Cathy French,ashleywallace@myers.com,569572490,475-25-3359,'3513110656813657
Shawn Wallace,russell38@lambert.com,9977372735,003-43-8400,'4351914925758
John Mccarthy,keith27@wells.com,1139859351,294-38-4752,'4450717771187593689
Amy Smith,jenniferstanley@yahoo.com,6151607636,763-48-0755,'4987719179688399
Melanie Tucker,whiteanthony@ford-grant.net,2315463729,766-43-7340,'213122705130347
Deborah Walters,amy63@yahoo.com,4144008745,069-36-6760,'36553613011184
Mackenzie Campbell,kimberly71@yahoo.com,7295363331,259-73-7644,'3544499749874716
Eileen Perez,moorechristy@macias-williams.info,599896015,048-94-1499,'675909226697
Scott Potts,reneethompson@quinn-thompson.com,1318965248,238-98-9360,'3531938224514417
Michael Olson,joshua71@hotmail.com,7784543446,543-47-8877,'4453137218191
Tracy Reeves,andrea30@hotmail.com,5044744701,131-40-2931,'3579115202263258
Carl Rodriguez,amandamorris@harper.com,231651360,545-20-2672,'3538638780279255
Kristen Taylor,lori55@moore.net,9106891116,221-77-0662,'213151169157256
Daniel Rivers,william30@hammond.net,4288759167,627-90-3591,'30541908710020
Gerald Bentley,weeksjustin@reed.com,8731520701,401-05-5565,'4348362408808
Jessica Williams,jacksonamanda@cain.org,8184705594,113-91-7293,'4573277698489641
Megan Gilbert,angelamccormick@smith-rose.com,8737489118,500-45-0162,'2702108993723368
Sarah Thompson,mmullins@hotmail.com,2529968354,154-97-7391,'3556972554572646
Melissa Smith,nicolemcdonald@dougherty-martinez.com,1781673900,300-93-3045,'30577305478886
Maria Nichols,xwilliams@hotmail.com,3828319157,842-93-0592,'2282431715759371
Anthony Atkins,sharonshaw@hotmail.com,9099461593,856-55-7502,'4398864148438503068
Susan Clark,jason30@george-baker.com,1677013380,628-68-0322,'3552321582424269
Patricia Armstrong,tyronepaul@yahoo.com,269800344,451-83-4549,'2371651224024395
Jennifer Wilson,qtorres@gmail.com,7978307767,768-56-6254,'30228171719199
Melissa Mcpherson,lauragrant@yahoo.com,6949640201,504-85-9883,'2275460134261791
Louis Bruce,wdominguez@hotmail.com,5010483086,633-60-5572,'2520473855503682
Kelsey Roth,dawsonkevin@hotmail.com,8067133789,677-10-2021,'36532749417556
Steven Franklin,toni61@gmail.com,4669074758,288-54-8807,'675991197889
Jonathan Mays,williamssarah@hotmail.com,6122511227,478-66-4808,'2713957400201310
Lance Kelley,allison62@gmail.com,2707246916,742-89-2764,'4308971732946157613
Paula Bright,christinablackwell@yahoo.com,60502905,372-23-7257,'501806546609
Allison White,wilcoxsteven@yahoo.com,6741275713,776-06-1958,'2252812288307191
Wendy Mcknight,pcarr@hotmail.com,7155845010,468-74-4520,'5272923492527646
Kristina Ruiz,richard17@potter.com,1679853292,817-13-5039,'30105399863514
Andre Simon,evelynmitchell@hotmail.com,4421302131,510-61-7042,'4761730942029
Emily Rowland,moralesmichael@thompson-nguyen.com,5878191792,265-84-5520,'4871055366565887
James Booth,paula28@hotmail.com,5404195004,287-72-7887,'3536276303111093
Sarah Brown DVM,hstevenson@le-robinson.com,8399936947,760-53-2667,'213148441079654
Frank Brown,samanthalevy@yahoo.com,116422414,816-84-4134,'344412025065436
Thomas Cooper,ycastaneda@smith.com,3402861803,879-34-5953,'30576182810443
Chase Ramos,pwhitaker@wilson.biz,5655688642,633-41-5176,'4345221455112925551
Michelle George,joseph62@walsh.com,5321718519,117-35-3299,'4426191402596
Ashley Lloyd,sarahbuckley@thornton.com,7116477389,537-64-9999,'4607279224541580
Mark Warren,adam41@lee.com,9061709280,609-49-9872,'213105594029472
Robert Perez,howardlogan@skinner.biz,6084750818,106-91-8843,'4822155740446478544
Benjamin Moody,kimgonzales@brewer.com,7098529995,511-90-7464,'6011548720071671
Ronald Johnson,ruth30@gmail.com,8986084532,057-96-2469,'675926905026
Carolyn Woods,stacyhoffman@miller-spencer.com,5690077773,224-96-1294,'639007201770
Tiffany Lam,jamie26@yahoo.com,161064266,272-71-2950,'4032747464625
Kim Hill,anthony06@hotmail.com,6095939663,247-09-1414,'2587780723764803
Rachael Morris,jeffreybrown@yahoo.com,4643289466,301-57-3520,'4257661994393339
Jonathan Bentley,brian50@hotmail.com,5341850077,135-22-0582,'2235229169460076
Henry Hansen,cruzwendy@gmail.com,3948665644,595-79-9944,'3500568751739371
Sarah Rogers,johnsonadam@diaz.com,4124118375,702-80-1402,'6582061376301995
Robert Lee,lray@wright.com,7282109957,664-73-7022,'6011249033561124
Melanie Ryan,reesekenneth@clark.com,8525492027,642-84-1570,'30311391031791
Timothy Campbell,santiagocrystal@washington.com,2581552258,036-61-8305,'2258863625881277
Miguel Medina,barneserin@medina.org,2416009200,709-29-5855,'675931245038
Mia Dorsey,louisyoung@vazquez-hernandez.com,5135030980,355-41-0284,'3593774814409691
William Moore,fthompson@brown.com,2910995030,896-59-3605,'373763964383774
Mr. Hector Cooley,leah86@hotmail.com,7649168514,742-24-3405,'4504557138591229
Cole Patterson,mendozadarren@cooley.net,8244382390,516-44-6945,'4999832448451055
Michele Roberts,ian97@zimmerman.com,757860747,694-22-1930,'4104960469463018888
Amanda Mills,rhernandez@hotmail.com,7007461173,557-96-5165,'582946909121
Kari Welch,michelle15@williams-everett.com,3827320914,506-36-2520,'503869001167
Michelle Miller,schwartzchristopher@johnson.net,9322486666,132-70-9190,'3534537129712626
Mrs. Sharon Anderson,alexandermelissa@gmail.com,2917929805,540-56-9942,'3592435094639271
Timothy Solomon,jwood@hotmail.com,2029183465,104-05-7980,'4759027491318907307
Troy Silva,amy57@yahoo.com,3497475908,089-41-5317,'30142055664316
Stacy Benitez,amberhuynh@weber.net,8742928388,277-06-7000,'3595885489483460
Matthew Lucas,uyoung@lawrence-villarreal.com,6999018552,092-79-9322,'30283800917680
Kelly Carey,billygreen@hotmail.com,5543011625,796-03-0349,'4692849024141801
Ryan Stafford,trevor15@holloway-ali.com,6417809343,887-57-9394,'4401246034753087138
Mark Flores,ihiggins@yahoo.com,6861552576,606-12-8782,'4073194453401926324
Nicole Hernandez,sandramorales@murray.com,8474414364,595-26-1698,'3593462692506743
Kelli Contreras,stephanie41@wise.org,8479596372,056-47-7530,'3597715148494517
Crystal Rodriguez,bateswilliam@yahoo.com,2678649990,148-69-9190,'4034241598823069304
Lawrence Brown,ann08@yahoo.com,6125190264,171-41-6367,'4919911603727819
Nicole Barnes,kbell@hotmail.com,6018196321,024-08-8786,'4320134238243325
Cheryl Ruiz,michaelriley@lowe.com,3540507443,017-71-6849,'4879476161762059374
Pedro Douglas,victoria45@hotmail.com,1307885593,440-18-8466,'4598469165161941
Eric Davis,rushmelissa@yahoo.com,2575075056,411-68-0290,'30406589005449
Linda Love,katherinelewis@gmail.com,7462684359,431-48-5538,'213182021517429
Loretta Smith,ylee@mendoza-harrell.net,6355596841,812-35-5551,'3566988038046294
Judy Lawrence,khouse@yahoo.com,914895717,012-61-3451,'4756251186651409
John Wheeler,sophia22@hotmail.com,8838729917,819-67-3043,'3570791646867638
Steven Klein,stephen61@burns.info,7773113924,266-46-3534,'5184871709502083
Robert Brandt,tannerharper@harper.info,7421807609,153-28-0685,'4613993827985050872
David Sanchez,jeffreyanderson@madden.net,4541654435,401-86-2051,'3536941180090518
Stephanie Soto,vfletcher@patton.biz,1786543236,319-64-4706,'4842629008880072
David Price,scott50@gmail.com,2109913833,259-84-4788,'4896693545841478269
Elizabeth Patton,jessica55@hotmail.com,2436497623,335-42-0744,'349536066901755
Rodney Reese,rickymiller@nunez.info,9311258603,396-52-7475,'4044641562768714
Kendra Nelson,nathaniel16@gmail.com,2172372870,306-41-3369,'3593297528531147
Nicole Adams,acarroll@hampton.net,4098289854,755-96-7398,'503877272057
Angela Sanders,wilsonwilliam@boyd.com,1037795057,887-42-7128,'4970791877856363340
Jeremy Schmidt,grobinson@gmail.com,349586757,461-86-2980,'6011171893190556
Amber Strickland,aaronjohnson@phelps.com,4635463228,749-25-2768,'4456271673430967139
Monique Edwards,andrewharris@jones.net,397689767,561-82-8087,'676287393885
Christina Lowe,dannycooper@jordan.org,5503892311,491-34-5338,'4913215452936349
Martin Steele,katherinegarner@erickson.com,5053100814,622-74-0007,'2240413273750134
Collin Miller,jeffrey43@hotmail.com,9567053727,199-38-8829,'6546287220669494
Travis Stewart,fleminggeorge@oliver.com,9808265106,854-43-4168,'180040911682050
Jack Phillips,julie42@nicholson-ruiz.com,4270127754,773-27-4017,'4938849075921
Brittany Robinson,jenniferyoung@hotmail.com,1689105355,791-25-6405,'502039217844
Elizabeth Klein,crystal88@gmail.com,2369767651,755-99-1238,'370100476310958
Nichole Jordan,jacksonpamela@juarez.com,789508120,652-80-0347,'3526120864094904
Abigail Allen,rross@hahn-allen.com,6666941119,239-87-8326,'4039082333321763
Christopher Gomez MD,joseph98@yahoo.com,9847993128,574-50-6024,'4007097364709866
Jordan Moore,derrick57@brooks.com,8467436843,034-08-2868,'3571001763414373
Ariel Wright,rebeccadavis@gmail.com,709675973,794-63-2291,'30218787126608
Adam Mcpherson,charlesburch@yahoo.com,8040622692,706-48-1269,'3529312928333074
Tracey Le,bakerdavid@murphy-smith.com,7599557235,733-63-7779,'4459514159493921
Christopher Powell,albertgraham@villarreal-santana.com,9476322184,031-98-9329,'373738177761875
John Hall,cindy32@simon-taylor.com,4918768590,467-75-7103,'4154922955282
Kristine Adams,chowell@cook.com,8507035090,427-80-9328,'4200010251591292
Amanda Campbell,epham@williams-singleton.com,3438569968,436-60-7813,'4492174800166738
Timothy Schultz,carol24@yahoo.com,8387522429,163-92-4750,'4906069378588067571
Jason Vang,charles93@mccormick.biz,6865426818,747-52-1809,'6543109238456552
Jay Roberts,shanemurray@hotmail.com,7759382649,429-58-7365,'38752400885788
Paul Berry,robinsondonna@gmail.com,5920318724,653-59-9253,'4060172290579
Wesley Johnson,lucasryan@richardson-pitts.info,9207150492,466-64-8643,'4918578261538
Laura Carroll,vstephens@finley-rios.com,9017285844,060-17-2587,'6011138024169288
Kristine Ward,tracy36@hotmail.com,3950715842,775-71-6528,'180060261463950
Amber Chapman,bmorales@warner.info,7690195205,154-01-2742,'3539228099040504
Joy Taylor,claudia15@gmail.com,2546004932,786-86-9159,'30575512339115
Alejandro Hall,zobrien@gmail.com,7049125065,237-38-1606,'4941709412802506
Connie Jackson,uwilson@strickland.com,3952191381,297-05-4398,'4076515428988362155
Marie Lozano,vphillips@rodriguez-peterson.info,2275399414,819-69-8359,'2285471232191697
Evan Scott,figueroajason@yahoo.com,9399483337,351-61-4141,'4930122838935
John Henderson,soniabeard@nelson-evans.net,6231760886,402-52-3457,'4230406598338460688
Jeffrey Walls,kelly38@yahoo.com,8412458304,758-49-4196,'2299915437154359
Zachary Hernandez,benjaminwelch@york.info,609922769,486-76-9077,'180068614147808
Paul Nichols,amy77@yahoo.com,1358816964,165-55-1244,'3532803377724727
Susan Day,wellsvictor@yahoo.com,2662998408,696-91-2064,'3512437213443228
Spencer Gonzalez,gabriel81@yahoo.com,3798671167,798-81-3020,'502034638135
Ronald Roth,jessicabailey@rodriguez.com,1789142599,400-81-1558,'213127084143738
Lisa Parker,lisa45@hotmail.com,9518296225,223-15-6821,'213153878989938
Scott Garcia,jameshowell@mcintyre.com,11395288,465-92-6663,'4009500039349
Eric Joseph,nrios@ellison.com,8843505548,431-56-2359,'4924391002992772
Cassidy Rice,alexis19@simon.com,8128382878,592-63-5901,'3520492281638548
Marcus Bates,derrickescobar@ray.info,6031481056,572-43-9740,'3593875503654420
Mark Keller,vasquezbenjamin@yahoo.com,1260191652,386-50-0542,'5331888352155854
Deborah Allen,hmiller@bell.info,399697447,737-89-1183,'4756897062651507
Mrs. Alison Johnson,christinaperry@morgan.com,4171908252,369-62-0594,'180092188674096
Gina Wagner,broberts@jordan-adams.com,7970137148,010-81-1571,'180056392681932
Steven Coleman,carlsonbrenda@poole.org,2907778920,344-65-2569,'6587676955322396
Danny Pennington,rogerbell@gmail.com,5135304239,224-89-3162,'5160090098498047
Jose Heath,wilsondana@hotmail.com,3553581002,804-90-6544,'4116007682693
Linda Livingston,wevans@williams-castro.net,2785579872,706-82-7654,'348116116585501
Kari Thompson,oriley@dixon-casey.com,1235460724,243-52-4008,'4885406467280549396
Dawn Boyd,ntorres@jones-conner.info,1829140712,684-39-7158,'2700936701218194
Michael Miller,daniel83@hotmail.com,1592069676,097-08-0807,'4301425132500643
Matthew Dorsey,maria05@phillips.com,5629809779,191-62-8694,'4291620485608
Megan Robinson,lerickson@hodge-hayes.org,3620864968,531-88-8879,'3536969977062697
Jessica Fritz,josephriley@tyler.com,8945558965,680-83-7083,'213102698857130
Samantha Hooper,jessica08@perez.com,2205341922,050-43-6163,'6011359994466443
Susan Cohen,sandraphillips@yahoo.com,3318307183,730-21-9003,'2274800156612549
Stephanie Chapman,lparks@mills.com,7183551108,492-48-1262,'213166006138319
Michael Anderson,joanna70@yahoo.com,4080023145,506-72-8743,'584581555144
Anna Jones,zweaver@lindsey.com,7503197552,299-09-2372,'2714559821091624
Ryan Harrington,michael90@gmail.com,7230427979,890-24-1180,'4809094759786625
Aaron Johnson,marc96@cochran.com,5391351405,785-10-5702,'6585924899329040
Ricardo Jimenez,amberrivera@gonzalez-torres.info,1522856642,012-95-9972,'30254760148988
Melissa Hicks,andrewhite@ellis-kent.com,2339563825,837-86-3136,'676347889179
Melissa Fowler,johnstonjorge@adams.com,1375362730,127-91-5311,'4222222370046807652
Brian Williams,priceryan@reed.com,361320063,093-13-9874,'347148481914447
Keith Diaz,rogerkelly@werner.info,7604264075,043-62-2202,'4175520067865530139
Joy Horne,pamela31@hensley.com,1795981549,301-62-2105,'4490769848374
Sean Collins,deborahwilliams@wilkinson-little.com,5754136410,545-34-8300,'4241428348835509269
Brian Chang,ocunningham@lopez.org,3387437124,587-13-7374,'347919011703421
Adriana Cooper,xphillips@hotmail.com,8174437588,634-57-7939,'060451915684
Richard Wilkerson,randall46@kemp.com,7792414427,354-25-9642,'6592642929065662
Brandy Williams,anthonyreynolds@henderson.biz,2965760087,060-75-3534,'347749279573855
Christy Hayes,jmoreno@yahoo.com,4694568912,631-47-2430,'3594777766103401
William Sanchez,enielsen@anderson-alexander.com,8772468010,469-13-5850,'5554394852122668
Gabriel Hoffman,jasonlopez@malone.com,9657274918,507-26-4164,'4925255334256
Brian Horton,thomasbishop@gmail.com,8402849223,364-20-6216,'379847384765779
Jill Sandoval,todddelacruz@yahoo.com,5788361432,342-28-5357,'3528647464267561
Jacqueline Cook,jonathan63@hotmail.com,1833897460,437-14-0496,'4010636364335423
Amber Jackson,xwilson@wood-kennedy.info,8842165100,627-84-8051,'4425247455399271760
Ricky Floyd,kennethgreen@yu.net,4283473292,592-08-0234,'4813871756575
Christopher Sims,mjohnson@hotmail.com,8743998953,450-35-2346,'180034010072552
Beth Miller,mary01@gmail.com,214802221,358-30-1565,'4620183846935381
Seth Cobb,alexiswright@hernandez.com,1219047207,830-84-4798,'180085803919318
Daniel Craig,olopez@anderson-jones.com,5064990251,644-47-8565,'3543168446162318
Todd Smith,roberto53@johnson.info,2161537618,537-94-7401,'213134275555860
Jacob Medina,lhoffman@booker-carroll.biz,6150822740,336-93-4100,'4332740110831
Thomas Mcneil,katrinaedwards@johnson-house.org,3097290117,220-63-5582,'4284730686488929752
Jacob Ray,psalinas@yahoo.com,7168264750,312-16-6039,'4038983152243783
David Harper,cfarrell@yahoo.com,6217346770,349-88-1847,'344667022344650
Karen Daniel,jennifer17@yahoo.com,5215368831,043-24-9692,'4121115868861
Regina Townsend,jaywilliams@hotmail.com,213430371,801-43-7953,'630424551186
Holly Taylor,jenniferstanton@gmail.com,7394552074,067-23-4784,'502073798949
Brandon Lopez,matthewwashington@wells-whitehead.com,478933201,189-54-0760,'371570755425371
Melissa Humphrey,coxlaura@alexander.biz,9956784692,185-10-7797,'3514609308141259
Cody Fleming,lisa48@case.com,5917488866,868-09-7915,'375778358735353
David Bird DDS,hjordan@baker.net,4464908524,796-92-3595,'2325338170645806
Shelly Deleon,flewis@yahoo.com,2712140436,107-63-2296,'4291892624405899658
Brenda Adams,hillstephen@arnold.net,6355355925,049-08-9635,'3528521587133283
Jenna Porter,lynnsmith@thompson-clark.net,8618573489,805-48-2727,'3589299209384008
Crystal Lewis,nicolejensen@mcguire.com,4868192679,017-65-4974,'5142093831003580
Tanya Watkins,gary11@davis.com,2027093481,360-25-1337,'2246556013772117
Dr. Calvin Jenkins,uporter@wilson-garcia.com,1080542967,521-63-1734,'30295281582171
James Mckinney,woodarddanielle@hotmail.com,8283435224,295-71-5033,'30584132045342
Nathan Holmes,sethellis@yahoo.com,4535790098,858-91-1833,'5249807047116577
Sarah Martinez,wernerallison@hotmail.com,3213092828,332-15-2997,'180038279788907
Joel Campos,epena@hotmail.com,203066022,782-08-0463,'6584271842768333
John Perez,wandabond@richardson.com,9129581891,686-63-8414,'342119510775047
Michael Taylor,sandra47@miller.com,8557179102,606-16-8877,'30539689952811
Lisa Owen,craigjacobs@yahoo.com,1997196038,193-47-9332,'346317746395327
Leslie Snyder,penagregory@gregory.com,1954608293,861-91-4615,'3570526227997408
Linda Thompson,willisjames@stone.org,8166845189,229-57-0982,'676366213475
Connie Reid,porterbrent@yahoo.com,414230944,877-95-4602,'2227878318686997
Melissa Duran,ortizgwendolyn@houston-durham.com,1420042349,232-59-3774,'30132406041645
Carrie Bradford,scott59@callahan.com,9604167854,770-44-6094,'4756960396963087
Samantha Bennett,bvelazquez@hotmail.com,8718775500,888-07-1573,'4946238733573540457
Bryan Nelson,john04@robinson.com,4375652556,243-01-2721,'4128926164257
Julia Daugherty,haynesdebbie@chambers.com,3322289209,217-32-2373,'4358903220531466
Anna Berry,jonesstephen@davila.com,3290070269,121-05-6732,'4201195164240456
Angela Morgan,wweiss@schmidt.com,3228371868,257-51-9185,'4719708879631
Breanna Mitchell,jennifer47@smith-glenn.net,6392593086,310-42-9106,'213109390133553
Michelle Hansen,cmurray@sellers.com,4497094191,242-65-9485,'5502302912415199
Alan Shepard,katie81@gomez.com,5352340686,375-05-0628,'2696363396395995
Jennifer Price,florescassidy@jensen.com,3701809805,667-15-1877,'3564337401805914
Tina Bennett,williamsemily@yahoo.com,1035386522,561-24-3989,'4202715041247080771
Brett Pace,singhlawrence@martin.org,1771288251,318-66-8979,'3552193041362202
Vickie Perez,jenniferzamora@rodgers-walker.info,8258592025,646-11-7994,'3506394088037619
Curtis Brown,kelly76@jennings.com,5523726514,561-63-3194,'4088274525626
James Armstrong,ballen@yahoo.com,2547926368,830-37-7535,'4953326732844415597
Diana Pratt,austincain@berry.info,3687046750,023-40-7094,'4866952847636351
Tony Brown,ecopeland@gmail.com,5987307794,098-39-9512,'4130070505133800866
Billy White,kevinrichardson@yahoo.com,9601429906,737-19-9060,'6011236146648088
Joshua Perez Jr.,janetmcdonald@gmail.com,8623835473,744-52-4187,'501852881017
John Valencia,jefferymendoza@parks.com,6177378703,400-95-5310,'6516855505986175
Leon Perez MD,sara67@hotmail.com,6788793549,053-33-6325,'4202444619397
Susan Williams,jamienguyen@gmail.com,5768913932,221-31-1640,'180013678477055
George Curry,obender@yahoo.com,1983628993,221-12-4305,'4837759683030672
Darren Rice,lewisderrick@hotmail.com,6804538593,104-64-0502,'4537065150505326
Chelsea Rivera,cheryldavis@yahoo.com,1661039431,752-96-4099,'6011149067728120
Patricia Butler,cheryl02@coleman.org,9325401368,568-90-1061,'6503779002613774
Dana Patterson,kfowler@burns-reyes.biz,7036286988,735-83-3420,'2262325653297481
Jose Ramirez,elizabeth81@yahoo.com,9869804347,386-98-5665,'675928966307
Kayla Anderson,brendan54@pham.info,6802982982,840-69-7033,'6501578306223641
Andrea Henry,marcuslang@stephens.com,4125824706,427-74-2630,'4752659944037121
Christopher Morris,garciaamy@marquez-cantu.com,7907021300,248-60-6967,'180053966424690
Ashley Macias,xstevenson@brown.info,2475439391,321-15-1245,'4160713643482
Lisa Bates,matthew43@miles-perkins.net,2223460044,280-65-1245,'4172393838979535
Daniel Smith,gestes@rodgers-willis.com,3748139272,866-46-9956,'6011655436492503
Ana Hoffman,kenneth37@hotmail.com,4053733734,727-24-2329,'6544782261246618
Gregory Smith,annagross@gmail.com,8562432084,733-35-9358,'4175369375621992
Becky White,lauren07@gmail.com,826590614,259-97-6681,'373425008599829
Amanda Wilson,pricerodney@hotmail.com,1426095066,832-60-1098,'30374258871907
Cody Gross,priscillagordon@hurst.com,6054593062,859-46-7593,'30502174109420
Joseph Dixon,zjennings@yahoo.com,9948959215,497-37-2158,'180099264053061
Sandra Brock,huntersierra@yahoo.com,6344064041,747-47-2208,'4933074180264
James Velasquez,amanda09@lewis.com,6749830416,539-03-4748,'4653408021602807
Jose Robertson,oscargrimes@fitzpatrick.com,4420505401,235-18-3931,'4853772250542
Kelly Smith,rebeccaroberts@morgan.com,5987254752,739-45-8277,'3584165953409025
Ryan Smith,carlsonjamie@miles.com,8517566829,017-84-4393,'30596622535277
Amber Graves,spencerjuan@nguyen-bennett.com,4768391866,446-75-2555,'374342285502047
Susan Mcgee,dwhite@frank.com,383170029,663-70-0074,'180098776068534
Jeffrey Taylor,breed@cooper.biz,2636169898,053-09-7581,'4050722909083
Janet Mills,hammondjose@smith.com,1796376547,128-77-0328,'6545483500803777
Todd Espinoza,nsalinas@gray.biz,3594273184,256-75-7260,'3579899926679036
Katherine Walters,bradleydavis@ramos.com,5350892419,396-98-3647,'30418067049112
Sharon Diaz,gdaniel@gmail.com,7827198623,468-72-8671,'3542591847976385
Dale Stevens,bfarmer@hotmail.com,2219599355,607-04-8233,'4926947248342037
Justin Silva,myersbrandi@gmail.com,1424711175,073-28-4276,'2325164519406613
Michael Kelly,pamela17@morgan.biz,514102894,829-42-2404,'4332674560558911
John Buchanan,scotthuang@phillips-buckley.com,7273008681,502-65-3131,'503865879087
Lori Walker,kennethsmall@gmail.com,401221758,258-79-0471,'4332698946501196
Larry Soto,wallsheila@cooper.com,4619839246,040-42-6411,'6011760138534790
Cameron Mclean,edwardmooney@yahoo.com,1839037748,149-61-1496,'501882479824
Jody Moore,henry10@odom-james.com,8363347074,082-15-0138,'4984126722444002603
Nathan Jackson,mary60@miller-woodward.com,2275405237,433-23-7425,'4972481685426940
Allen Garcia,benjaminstewart@martinez.info,6655053537,058-59-5765,'4888362911996
Ms. Nicole Rodriguez,bradley47@gmail.com,6606824549,333-62-8295,'341524506947099
Dana Hughes,eileenmorales@thomas.com,3370500101,396-65-9437,'060446746749
Jose Smith,murrayglenn@edwards.biz,7673030920,266-94-5500,'2298411409038425
Jessica Buchanan,qsmith@martinez.com,3870269381,624-80-7552,'4004104402481820851
Elizabeth Ramirez,zwolfe@hall-brown.com,7288849118,191-16-0917,'3544023300969788
Tom Thompson,perezashley@wong.com,2909552267,023-52-4704,'4864919906623
Emily Warren,xramirez@gmail.com,8292483332,847-53-4085,'4889116480759
Brenda Moore,matthewwalker@silva-molina.com,6264968417,129-38-9256,'4391244485289
Emma Smith,tmaynard@gmail.com,2936900253,751-24-5881,'4639372043803
Christopher Bailey,kevin13@martin.com,6253453876,047-73-6452,'348526423426605
Sonya Robinson,vmorales@gmail.com,1852582546,836-39-8097,'30481759522317
Sherry Mitchell,orivera@carter.com,6840372680,725-61-9173,'503816208816
Thomas Landry,xmoore@yahoo.com,1533841647,144-24-9757,'676181306215
Victoria Vaughn,jennifer53@gmail.com,9744787974,500-46-4929,'3557749542414027
William Bartlett,kylie89@yahoo.com,8746175161,033-10-6233,'4159541411799
James Jimenez,michael05@greene-johnson.info,8440712664,690-86-7259,'3574503716687648
James Ferguson,monica54@yahoo.com,8095466664,798-94-6376,'30543100934374
Anthony Cochran,john67@pacheco.info,3739955078,076-67-9961,'4528348553067966
Michael Rivera,michael36@stein-richardson.com,2588533528,889-22-0913,'3501880435740181
Jody Miller,lauren35@rivera-mitchell.biz,4051786514,869-73-6395,'4397860776897752903
Kelly Parsons,tsantos@allen.com,739694830,469-35-8930,'4823539058807580179
Tyler Byrd,bakeramber@gmail.com,5825161420,293-79-7289,'30027614098645
Brittany Stevens,sbradley@yahoo.com,5355509146,171-64-8102,'36901316485421
Emily Dixon,blakejill@gay.com,9153745077,791-55-9404,'4323383568761318
Kim Parker,kevin96@gmail.com,8498039127,644-58-1099,'349017609660927
Dustin Sanders,wayne81@yahoo.com,1351425167,171-98-3517,'4907692967140641
Joseph Morse,jmcclain@yahoo.com,5980450381,591-32-8002,'347094786393137
Joshua Galvan,jacob92@yahoo.com,6973907475,156-31-0917,'2720197601154601
Lisa Miller,medinarichard@lyons.com,8065573401,897-99-6619,'3505448860714752
Tonya Williams,kwhitaker@williams.com,4801168013,330-04-8353,'30263515375184
Brenda Harris,salazarjeff@shepherd.com,9858734530,793-65-1388,'4870862043291790
Joshua White,jenniferbennett@garcia.net,2948877658,411-14-0479,'3526052209548114
Scott Munoz,kimberlycallahan@hotmail.com,8926257421,274-28-2769,'4401474089953479
Melvin Hayes,bpierce@hotmail.com,5269021842,560-65-0617,'30376028093324
Todd Peterson,smithjennifer@gmail.com,9767958493,799-78-2850,'30247399350165
Sabrina Rice,rsimmons@yahoo.com,2972134672,175-36-5934,'3579602674382930
Aaron David,ghernandez@king.org,1442778260,137-65-7065,'3558077232509214
Christopher Rivers,kristina70@avery.net,4762316606,028-52-9020,'2222391717599501
Heidi Frank,lmack@gmail.com,6248665311,094-17-8856,'581373303626
Katherine Coffey,npayne@gomez.com,6050066778,677-14-9657,'3565239653555446
Brian Gilbert,smithchristina@gmail.com,7647790050,240-41-6865,'4416384094400049
Ashley Smith,zcampbell@williams.com,9883228727,529-03-9030,'6580143315794290
Patrick Parsons,shanewiggins@gmail.com,2660404975,553-99-2188,'4383773886808337326
Jacob Middleton,charlesrosario@gmail.com,7583655893,363-29-7126,'5561605823225228
Danielle Rodriguez,leemichael@yahoo.com,3609070662,079-50-8598,'6011973160769099
Natalie Carter,robertsondenise@yahoo.com,5132976236,308-34-6737,'6011523710232559
Carla Garcia,cassandrajackson@hotmail.com,659955468,854-83-5581,'3577270732504226
Micheal Petersen,rebekahball@jones.com,8535725977,818-77-4162,'347065493360981
Joseph Marshall,george14@yahoo.com,4567269928,244-12-9249,'4837598816993632
Samuel Vance,michael45@espinoza.com,6040027064,833-40-4748,'4209153878923638
Mary Rodriguez,sheilaburch@glenn-parrish.com,7658780815,464-64-2074,'4979280914659237
Anthony Owen,suzanne65@hotmail.com,7197780583,512-73-5912,'3530260980736832
Carol Roberts DVM,richard68@grimes.com,7195617583,751-88-4067,'3594885819771577
Nathan Richardson,tinaevans@hernandez-olsen.biz,9527104483,813-31-7158,'6555742067900897
Cody Baxter,sharpkathleen@davis.org,8698883016,680-85-0154,'4081425071186699
Kaitlin Navarro,michaellindsey@gmail.com,8771710046,477-79-1665,'3555900343993659
Angelica Robinson,ashleywalters@gmail.com,3965334069,331-13-7503,'342305729139329
Catherine Jackson,bretttaylor@gmail.com,5691534950,453-52-8096,'4369865358302621
Terri Blake,tsherman@hotmail.com,276488840,715-70-3097,'2271930284547771
Mathew Smith,clifford29@gmail.com,7329564848,301-99-6919,'3580870896737622
Jennifer Suarez,michellemercado@yahoo.com,2027850902,725-69-4866,'6523600953611144
Tommy Smith,westdavid@hotmail.com,4943475671,693-19-5844,'6011947499274666
Erik Hernandez,smullins@yahoo.com,8932524366,492-66-6267,'676238871849
Megan Gray,breanna46@martinez.com,8987522919,826-06-3579,'6011259876204260
John Leonard,sylvia07@hotmail.com,6955476547,731-65-3871,'348429572323949
Jenny Norris,david23@yahoo.com,3844425833,030-43-0871,'3554807667813812
Kelly Holmes,joseph22@hotmail.com,9948217452,854-35-0314,'3505554592489769
Haley Acosta,dclark@gmail.com,7907358507,206-21-4371,'3518607310188355
Melissa Long,ohaynes@gmail.com,8145482786,241-14-0565,'30321608684845
Meagan Reyes,michaelrice@spencer-williams.org,3447448237,720-56-6213,'4905115386134290205
Todd Green,patriciaburns@woods-turner.com,1628799288,663-92-9183,'3536817081891867
Robert Lewis,jmiller@gmail.com,8041314374,404-60-3833,'2287937416932807
Tony Chase,callahantracey@hotmail.com,9644532747,286-99-9483,'30250160593385
Chelsea Cervantes,prattjessica@nixon-torres.com,9309475382,157-12-3470,'4566793848631097
Sue Brown,jessicajones@gmail.com,708691458,520-32-0503,'4228531535093480
Leslie Malone,kellybrown@taylor.com,9897254007,736-75-4053,'4265109208339995
Eric Acevedo,mcintoshjames@hotmail.com,5789394406,517-94-9728,'213121945127667
Gina Morse,fostererik@johnson-beasley.com,2556670781,276-46-9034,'30062097010908
Jason Richardson,mbarron@ruiz.com,9029846863,792-94-9964,'30038557705153
Dawn Olsen,jacobcraig@crawford.com,4553487452,678-58-6669,'639069124191
Jasmine Ryan,ymontes@erickson-webb.com,4350853607,374-96-6804,'3569288540737135
Gordon Petersen,shoffman@yahoo.com,4494243429,850-39-0442,'4339552693449492
Grant Moyer,wcabrera@brown-pierce.biz,900184516,689-23-0364,'4340673204572189
Todd Parrish,qbarrera@gmail.com,3836603562,505-06-9744,'30288937130685
James Stafford,jason50@thompson.org,7419752241,446-42-4427,'3515049206516063
Charles Ortiz,montoyadonald@white.org,9837839926,729-33-5311,'30107668656785
Katie Smith,fwoods@gmail.com,7997650031,069-55-1974,'3502891924148827
Terry Schmidt,kimberly95@gmail.com,8192690135,172-73-0582,'3562475521014330
Brandon Horn,xware@hotmail.com,606002163,116-25-5565,'6011196244724316
Stephen Carson,nturner@hotmail.com,5785508613,235-64-8789,'343918506153468
Richard Wolf,greenandrew@taylor.com,1654167668,870-37-7345,'4267287443402857
Heather Summers,carlmiller@hotmail.com,2054367973,384-96-5986,'4876602228184475
Kevin Chapman,brittanylee@yahoo.com,9141361257,279-56-3856,'4443882792587436950
Arthur Floyd,vaughanbrooke@gonzalez-day.org,2551393026,551-22-7592,'6011946777833607
Heather Wise,yorkelizabeth@hotmail.com,63985913,628-52-3000,'502075971809
Sarah Mccarty,wfields@yahoo.com,3111501835,368-52-3978,'2640692635188747
Chad Holmes,richard78@hotmail.com,4569205488,238-78-0996,'3556429528415873
Jessica King,robertrivera@gaines.biz,9535280648,073-14-3586,'3550495899840144
Andrea Stewart,colemanbecky@lopez.net,4915966478,230-11-3102,'373445442132110
Carla Burton,millerrenee@hotmail.com,2144237795,507-33-3716,'4803345173154152450
Karen Wood,kim95@lee-blackwell.com,2285918789,713-23-8549,'348560002058760
Rebecca Cook,susan22@jackson-evans.com,6681530563,517-14-4694,'4102037497493701
Laura Fields,dillonashley@gmail.com,7584580986,240-98-7695,'3556667364496677
Devin Oneill,nicholas40@warren.org,9707178967,308-48-3666,'379734146038036
Adam Hall,brownmelissa@hernandez-rivers.com,599380100,525-58-2174,'348264767312880
Tommy Jones,rebeccapatel@gmail.com,9982836953,429-29-5576,'3586769805018369
Anthony Arellano,yroberts@gmail.com,2928737123,682-96-7062,'3517842550207703
Mark Kelley,iholt@thompson.org,3056701887,678-14-1862,'2608915418844024
Darlene Holden,sarah35@yahoo.com,3623103419,821-11-2284,'3518622304442866
Lisa Garcia,irodriguez@hotmail.com,8283331083,350-08-7597,'30157733251559
Cheryl Long,gweaver@foster.net,702738407,179-47-7691,'378705220232654
Bethany Cruz,elijah25@gmail.com,3257422599,288-85-4777,'4460918804297
Gary Ali,ehicks@barnes.com,2747706936,113-95-2707,'501891456250
Susan Frazier,mcintoshdavid@hotmail.com,1456175089,467-06-4780,'30296179703671
Lisa Mclaughlin,ghinton@calderon-macdonald.com,8011182420,798-92-8552,'4947361572447
Adam Reed,mary99@armstrong.com,8877922642,410-96-6301,'4535190101372277969
Scott Smith,tammycastaneda@warren-howe.com,7856472363,057-42-7329,'3572068477716087
Michael Aguirre,georgefarrell@novak-tran.info,8078660558,684-69-6161,'3549495303882041
Hailey Ford,rhonda43@montoya.com,1655535498,799-95-2887,'347761268618302
Jeffrey Howell,vincent43@taylor-perry.info,1834928586,016-48-3716,'213176783773071
Tiffany Cohen,sharpjessica@quinn.com,3977697089,643-38-0871,'3521191002043942
Jessica Petersen,nelsonemily@yahoo.com,2925237023,182-91-7446,'213172919525527
Jesse Martin,lwagner@martin.com,4975084055,811-29-5249,'639079967027
Mrs. Heidi Huff,patrickrobinson@riley-mcdaniel.com,7628295600,430-37-7787,'3555794675002381
Edward Obrien,brandon86@gmail.com,4278196133,291-38-4181,'4113514715568765548
Kristina Barton,ashley87@williams.com,1394912038,038-97-1101,'3573801607759141
Melissa Moreno,zcruz@wong.info,6835908297,521-86-7757,'3559461119019423
John Robinson,sextoncindy@tucker.com,3771271104,731-27-8788,'3544679649019864
Tiffany House,brewerelizabeth@gmail.com,286543538,254-16-4521,'4781582530182256
John Molina,derrick33@yahoo.com,8131552201,322-93-2305,'4023540573980331
Craig Walker,laura77@williams.com,8465563044,716-88-1825,'3533478161400260
Kevin Morris,fcain@yahoo.com,9032073822,762-04-3231,'4878933174527283568
Daniel Nguyen,jo03@myers.com,5478164035,440-46-5278,'4755438210650959
Vincent Rice,andrewgordon@gmail.com,4076763780,268-56-1555,'4745021732915440
Aaron Ortiz,vanessaarias@wright.com,3151569136,802-19-0677,'180047442807726
Sabrina Cain,dclark@manning.com,4558845971,638-44-8869,'30448298518452
Anthony Lopez,maxwellwalton@flynn.com,6364473324,409-41-2439,'340497071415944
John Hunt,kellyfigueroa@rose.org,5221613859,083-35-4377,'4322904117128329920
Stacy Nichols,kmorgan@davis.org,6917557813,367-58-1652,'4338296488814533
Lori Johnson,unichols@yahoo.com,7390394525,042-59-7187,'3592351319202896
David Frank,erinmoon@jones.com,2875644228,676-09-8324,'180089572829153
Martin Farrell,lancestokes@yahoo.com,6116706459,281-11-5721,'4512163058794289
Dennis Cisneros,sanfordshane@yahoo.com,5993708002,283-89-2684,'4187964951652
Justin Rogers,usanchez@perkins.biz,6723541902,581-97-9787,'4560066861286
Amanda Stewart,lbishop@gmail.com,7438797078,028-45-3504,'3559655464039627
Mr. John Dixon MD,kimberly96@pittman.com,8373028996,531-43-8706,'30188860980413
Samuel Lee PhD,charlotterichardson@yahoo.com,8880752573,322-72-8436,'4900967590909
David Washington,dana24@burns.org,7740102842,795-39-4917,'180051112176560
Amanda Anderson,edward83@benson.net,6892789575,555-44-0543,'630419085547
Joshua Smith,tcoleman@ramirez.com,1729212718,870-92-1759,'4426345889696131
Shawn Hardy,sheila98@yahoo.com,2893052071,287-28-5849,'4846474339761
Amanda Young,maldonadojeremy@wilcox.com,7664461719,458-77-3173,'4313652344194024
Chris Roberson,hoconnor@reed-snyder.com,4596513720,109-19-6200,'213126359875479
Lori Durham,eric57@may-marks.com,7427825541,673-39-7585,'4898406586495553142
Kristine Mendoza,hillkathy@hotmail.com,4127055500,237-50-9551,'4389661998847554
Danny Martinez,ydrake@yahoo.com,3949078618,104-57-7115,'2462404776288848
Thomas Rivera,lance13@walker-bonilla.com,1156033683,753-07-8179,'30130793004945
Jeffrey Lopez,kelseyalexander@garcia-malone.com,5278586110,217-09-5907,'3535861340432148
Michael Phillips,kaisermichael@gmail.com,7125692663,037-21-7205,'30407435262093
Robert Phillips,hobbsveronica@gmail.com,2475169755,757-47-0861,'4686357413875858603
Heather Hunt,amy86@benjamin.com,344538432,448-46-5433,'4879807844206258
James Miller,psoto@shaw.info,916923175,608-59-1689,'180087511948852
Amanda Harding,mhunter@hotmail.com,4023045959,346-20-8422,'3538568586263585
Leslie Smith,ralph11@hotmail.com,3195486093,160-05-7971,'4816184647936
Crystal Fitzgerald,brownlisa@hotmail.com,1642512976,266-82-1927,'4132414669619690307
Holly Edwards,jamesmckinney@davis.com,4185007619,589-40-0061,'6589271396770789
Jesus Johnson,diamond79@gmail.com,7485371724,074-64-0679,'3594925232416671
Daniel Thomas,burnettrobert@yahoo.com,4542159326,882-40-1282,'4186257378810679
Lori West,yherrera@ortega.com,9904012795,249-62-5590,'38823952873777
Lindsay Garcia,lblankenship@gmail.com,6990779931,355-69-5977,'3544140671032671
Lisa Morris,joseph02@hotmail.com,9039214562,024-40-2530,'4944765806518423090
Joseph Mills,dbauer@lee.biz,4544827659,395-01-4761,'38606585169915
Charles Long,tamara00@dennis.org,4486595884,605-17-2702,'4005742933117
Miranda Burns,gloria39@yahoo.com,1247398653,417-04-3435,'30332245898862
Nathan Williams,medinakim@ortega-stevens.com,5471475181,290-44-2839,'3504027874168659
Amanda Harris,eric89@yahoo.com,1291896382,522-67-8196,'180057367357862
Keith Hurley,ywilson@hotmail.com,7343752707,088-97-2318,'4673502745164635
Gina Arnold,michelle78@hotmail.com,7648230513,737-66-6595,'4314653803742310
Danny Torres,john69@gmail.com,296436417,550-25-1930,'582849680167
Kim Nunez,kimautumn@gmail.com,902459713,022-22-2803,'30105513451907
William Lowe,allisongray@yahoo.com,2546762834,635-54-8223,'6582772306249373
Rebecca Nguyen,carpentermichelle@jenkins.com,6631093192,098-41-9855,'3520057950851613
Jason Doyle,whiteadam@williams-franco.org,5010738217,257-18-1554,'4029578283892
Shelly Hahn,shawnpeterson@yahoo.com,8218899084,197-03-0108,'345358566583080
James Rosales,christopher04@douglas-smith.com,6812516111,481-63-0392,'3595833283976529
Jonathan Fleming,xgreer@johnson-werner.com,2522301899,812-53-2266,'4194120936953755771
Kimberly Myers,jaredjones@cameron.net,2153205362,488-60-2165,'2245904687211460
James Rivas,wanda74@yahoo.com,7464131366,014-40-6564,'30138708422813
Michelle Torres,hensleykimberly@yahoo.com,254722530,421-91-4385,'4964760152801440
Lindsey Johnson,inavarro@yahoo.com,6275260062,658-69-2610,'38053915091487
Eric Pena,leewanda@gmail.com,2266359343,123-10-0390,'343027966708496
James Stephens,johnsonchristina@yahoo.com,2853758679,832-42-1798,'6011800506497103
Robert Cherry MD,aaronbryant@yahoo.com,2493573151,207-68-9685,'343178638749309
Mark Myers,garrettmichael@wilson.com,7579903252,432-97-6156,'38489520819278
Taylor Lopez,ewilliams@yahoo.com,1045252791,847-03-3768,'4339839376686627
Jeff Walker,prussell@sanders-hicks.com,2255431006,877-91-0533,'3546814656502092
Julie Cortez,iwood@yahoo.com,663897081,832-63-0122,'4088290517306928
Jennifer Ramsey,shawn06@hamilton.com,1213383405,769-03-6816,'4395984024612
Valerie Leon,hernandezjessica@gmail.com,4308885568,751-59-0734,'639000809595
Heather Smith,eric66@yahoo.com,2826735938,453-63-2922,'4074242352654769
Sue Hicks,singhdeborah@hotmail.com,5732385048,007-64-0343,'3511007308057166
Maria Mckinney,jose12@hays.com,2450451379,264-57-5285,'343655006480492
Toni Torres,brandon26@yahoo.com,7957938459,407-17-5326,'6011287437889899
Matthew Cruz,mortega@dyer-bond.info,9244138865,808-66-5765,'3586190180469632
Caitlin Hanson,stevenschmidt@gmail.com,287940777,169-44-4193,'347952032023073
Matthew Hernandez,cody41@hotmail.com,8591385445,307-25-6966,'36257474588922
Tina Welch,frances98@baker.com,3426101091,035-44-3387,'348212360248233
Richard Munoz,alvarezluis@ward.biz,9877072241,323-61-7501,'30320492576745
Kyle Miller,zcoleman@yahoo.com,6181219724,207-36-2305,'4200117407990839
Anthony West,matthew86@hotmail.com,6015146283,029-95-3999,'4086857805738
Emily Alexander,jenniferstevens@gmail.com,5205476051,608-93-1845,'374820983175273
Vanessa Vincent,wlewis@gonzalez.biz,5891743708,049-68-6042,'180062490153980
Holly Landry,kpeck@hanson.com,9835887133,682-59-1648,'2475913563507785
Justin Wright,andrewssarah@ramos-anthony.com,1168471229,214-99-9215,'30201245551518
Shane Price,nicolefuller@conner.com,8161402781,498-94-2138,'372947662349531
Kelli Ross,jrichard@dawson.com,4288618590,112-54-8350,'3590725068064718
Jean Gordon,anthony47@yahoo.com,5741374098,309-40-0936,'4887335907791099417
Taylor Armstrong,kathy84@pratt.com,7207212950,268-27-1215,'4419751108034
Jeffrey Owens,rtaylor@coleman.com,6049051645,709-58-7103,'341692065934863
Micheal Carter,jacksoncourtney@hotmail.com,9825746350,681-97-7751,'675905907753
Sarah Leonard,masontanya@gmail.com,1708926752,849-13-2761,'2225893096180560
Jasmine Jones,alivingston@rojas-brandt.biz,92783568,784-86-8626,'3514509509985548
Maria Robinson,harnold@yahoo.com,3508276277,808-40-2979,'2258697297142455
Sarah Reyes,julianvega@yahoo.com,3006005713,641-04-9315,'503836000391
Sarah Vasquez,cruzbeth@gmail.com,2242878275,675-22-4534,'3577218595534830
Bryan Perez,qspencer@rodriguez.biz,7234297379,055-68-1744,'3585633192455843
Thomas Ayala,alicia21@hotmail.com,8435262911,598-66-3637,'4012984574808252
Jason Conway,emily48@johnson.info,7027678677,728-18-4664,'378100373628496
Robert Reynolds,haleyhurst@hotmail.com,3844780188,057-92-4618,'4086015843279736897
James Lang,alvareznatasha@boyd.net,8697752807,159-33-7346,'3507951878393459
Jeffrey Vasquez,raymond13@hotmail.com,4033025006,221-04-4064,'30578839331575
Brittney Obrien,jasminehenderson@hotmail.com,2412326096,170-51-3369,'374266433979577
Beth Rivera,stephanie97@hotmail.com,7453192088,606-40-1433,'4246638770228651900
Adam Floyd,dbush@hotmail.com,9394164963,346-24-8412,'30543416426370
Michael Rodriguez,laurie39@gmail.com,8845362289,774-72-4984,'4494701201056
Deanna Martin,cwilliams@yahoo.com,2869593197,880-43-3989,'180038863570638
Michelle Richardson,eduran@jackson.com,4202846088,346-89-6529,'564907458785
Joshua Hoffman,booneamanda@mahoney.com,6194079264,843-39-7118,'378708796088716
Christine Freeman,ericcarroll@crawford.com,2038247993,558-10-3059,'4153901942956
George Smith,ksparks@gmail.com,8492629318,222-41-4653,'503815249209
Katelyn Cox,riverskimberly@conway.com,5025034144,709-93-4018,'3574193414833932
Susan Cherry,ocontreras@gmail.com,7200548919,495-93-3791,'2237530203646770
James Ramsey,shannon44@hotmail.com,232582453,445-60-4777,'180072900905150
Linda Mercado MD,sharonbrown@gilmore.info,2611501331,056-30-0866,'6011834305790707
Ernest Esparza,anthony28@booth.com,3082146877,529-31-4356,'501847354567
Laura Day,bholmes@davis.biz,9283591547,277-59-6248,'4953190783998519
Lawrence Roberts,qmoore@turner.info,330500365,752-06-0051,'3587575627489376
Karen Williams,laurie81@yahoo.com,6284416318,862-12-9518,'3543920305669969
Jacob Cowan,david00@gmail.com,5627995252,807-25-4885,'3511817125464316
Brandi Silva,grogers@keller-macdonald.com,9319199371,395-82-9280,'4720276057977222
Robin Golden,dchambers@martinez.com,3691247691,021-86-5202,'4003075472848846
Michael Phelps,terri37@yahoo.com,6614183911,559-89-9826,'348040058208148
Faith Hodge,charlesmiller@davis.biz,5303517713,535-60-7003,'342788979336986
Joe Rodgers,christinareed@cuevas.net,5189094132,128-57-4301,'38307001234322
Thomas Bridges,mccormickkathleen@moses.com,9111603507,252-78-1980,'375237109224621
Catherine Montoya,orussell@gmail.com,5559955011,350-70-9295,'3507772465863666
Mario Sampson,obrienjessica@watkins-flores.com,7562903433,684-85-9711,'4840935834629194157
Tonya Garcia,olsenannette@hurley.biz,396523851,644-56-6767,'38263265075960
Todd Spence,carrollalexis@hotmail.com,3097274984,804-90-0614,'4850190305839237
David Carlson,hansenpaul@yahoo.com,1348901681,516-72-0864,'377388808070472
Katherine Mckay,jesse24@yahoo.com,9739468101,662-99-8525,'3592886981792153
David Davis,fparker@adams.com,6070159634,129-50-7913,'30184375574056
Carolyn Davis,lgeorge@hayes.com,4764553112,826-90-5855,'4167310830075143
Derek Murphy,dcampbell@yahoo.com,5198004878,381-88-4973,'379804261672370
Scott Obrien,russellhart@garcia.biz,8286582337,702-58-4976,'3577226266029089
Amanda Clark,ymoreno@sanders.org,7695709735,638-12-3024,'30171594780267
Daniel Turner,ramseysamantha@duran.com,2241727179,061-30-4456,'2372457898280522
Ricardo George,nicholelester@gmail.com,6484567349,041-53-4292,'3501795817965604
Megan Hall,terrance60@hotmail.com,2219148132,643-70-3462,'676159043246
Julie Frey,bjackson@yahoo.com,8030896803,768-76-3279,'3542542667582886
Lee Scott,ashley21@yahoo.com,2519116082,713-87-6813,'4940169316299
Russell Morrow,briancurry@washington.com,6366844577,402-73-1806,'4403264209786
Ashley Simmons,imcclure@brown.org,5958651060,872-59-8092,'676398005667
Angela Parker,gonzalezhannah@pena.info,3224772855,865-16-0710,'3579297634101809
Catherine Flores,lmann@yahoo.com,364918134,070-66-7354,'213171550111597
Kathleen Lopez,tiffanychapman@lane.com,7421175339,242-32-3345,'6011176615291137
Caroline Case,james89@yahoo.com,1785697317,659-17-6681,'6580940476709581
Alexander Stewart,terrimatthews@esparza-rodriguez.com,6702049772,329-94-7083,'501825383984
Christopher Duke,vlopez@duffy.com,6498448407,204-12-2923,'4094204223880392072
Mary Collins,monique13@hotmail.com,6241927991,895-67-9562,'379992159227975
Johnny Valencia,hensleyrobert@gmail.com,1641825988,290-40-7835,'5406439585283921
Timothy Fowler,julia83@reynolds.biz,973605162,733-88-6934,'4407971863024348
Alexandria Johnson,cooperdillon@hernandez.com,8429104500,169-44-9858,'2243846310731327
Dawn Baker,dhart@chavez.com,1800226045,514-29-4352,'4590063263583573
Brian Nelson,dmercado@brown.com,4853834134,720-76-2948,'4458443254723035
Briana Hamilton,vbryant@yahoo.com,6099520782,292-55-3673,'377207280403631
Harold Massey,osutton@turner-davis.biz,5197256267,640-27-6836,'4307874201758695
Ms. Mindy Carter,ballmichael@jones-edwards.net,6547721475,494-19-4451,'6531604997417807
Susan Quinn,evansronald@rivera.info,4069470,896-59-6127,'376713442670026
Matthew Lewis,sandra40@smith.com,7876065039,253-16-4710,'6561195313031037
George Newman,larry03@johnson.info,7081170832,339-24-1034,'6011524806541796
Eric West,qflores@hotmail.com,3022157727,776-75-4134,'2482641516587718
Mary Harrison,dylangarcia@gonzalez.com,7644913723,329-01-3984,'6509104962869270
Angela Davis,taraprice@macdonald.com,3196330435,524-13-4443,'180069234972534
Sandra Golden,carolyn82@yahoo.com,5814440730,349-55-5073,'213141105955723
Steven Jordan,hinesbeverly@scott-rodriguez.com,7718466250,029-43-8419,'3504606414685163
Kayla Cobb,amaynard@woods-gill.com,4041306579,012-03-0940,'341286928624546
Amy Mitchell,ochoabrandi@moore-hernandez.org,7578975394,467-62-9818,'4632833283454571531
Adam Maynard,millerpatrick@hotmail.com,9191940257,545-28-3664,'3546160436535220
Anthony Bradley,mfisher@moran.com,6376962767,421-96-7366,'4017023918148037
Monica Pham DDS,richardcain@gmail.com,6984059613,035-62-1743,'213187330311877
Benjamin Hunter,rodriguezjason@lynch.com,2351935799,385-87-9679,'4461409570553
Sarah Glenn,landerson@gmail.com,5993832152,341-18-1749,'3580317742919905
Julie Garrison,jennifersanchez@russell.com,2254121258,854-86-8053,'6011643828555020
Mr. Tom Fisher DVM,lauramann@santos-fletcher.net,815497635,431-29-2673,'4187836401903269
Dr. Jessica Harris MD,wbryant@murphy-henderson.com,1365512544,836-66-2690,'4834795540867263
Nicholas Vaughn,awise@soto-jimenez.com,4541987718,143-07-4062,'4342509715969514
Victor Mendoza,uwhitaker@yahoo.com,8192926973,293-70-6201,'213152703051807
Justin Brown,jcurtis@hotmail.com,4287814566,739-92-0582,'3565284470900342
Michele Lawrence,elizabeth05@garcia.biz,9100047664,699-16-1072,'213109787818972
Miranda Blake,kellyolson@walker.org,3886553998,703-68-9903,'4397587620748748
Brandy Davis,jonathansimmons@yahoo.com,1404620751,438-82-0330,'341932734307798
Holly Jensen,xramirez@hotmail.com,2769333147,337-07-8771,'36382173237215
Tyler Brennan,idavis@johnson.com,7316661333,118-45-2488,'3519392275399987
Mike Mendez,xsmith@carter-harmon.com,6389521483,503-23-3677,'3560673405837451
Crystal English,kellyteresa@yahoo.com,1360170998,262-26-0455,'372483351991250
Thomas Moore,ukim@yahoo.com,3519285615,786-36-6938,'3528051604388025
Samantha Roth,melissaweber@hotmail.com,6035594372,054-19-8356,'3560801327555444
Jerry Taylor,michael83@hotmail.com,8543031112,701-99-4555,'3545932092366277
Wendy Carter,jill00@yahoo.com,8924394085,189-34-8381,'3567804874176393
Alexander Rodriguez,umoore@johnson.org,6454453959,152-15-3358,'30484280962481
Sarah Wells,jessicablake@rosario.org,4466680874,507-77-3196,'4464456319130
Steven Ward DDS,justinmartin@yahoo.com,7586875461,569-21-6655,'6560937066023773
Ashley Cox,ginalopez@yahoo.com,1554858903,618-57-7639,'6581668332748837
John Morris,jacqueline68@hotmail.com,9701563428,168-56-3739,'3584222945691176
Jordan Bruce,michael18@harris.info,6331200878,601-51-3537,'4105953373608104
Daniel Alexander,tlevine@ho.org,5649095239,457-86-7744,'2283436269065124
Whitney Schmidt,lgonzalez@simmons.org,8363658717,863-38-4232,'30581903863663
David Tucker,riddleanthony@gates-orozco.info,182126425,741-05-6294,'4240415458566785
Natasha Clark,kathleensmith@chandler-franklin.biz,6979224958,354-14-6985,'630407677479
Michael Leonard,christophercarney@holmes.com,4264464231,356-53-5064,'38261477029643
Emily Burns,carrie82@richard-howard.org,941794781,319-35-6098,'213140887421441
Abigail Wood,jimparker@lane-anderson.com,5581107534,119-36-2212,'4368850073278265
Erin Carson,april44@lewis.org,9711920609,028-93-9213,'3513213457166489
Joshua Gutierrez,hicksderek@weiss.com,7867929337,597-60-7083,'3529308722435263
Rhonda Espinoza,wmoreno@boyd-lewis.org,2005080731,840-86-4614,'502014044312
Timothy Fuentes,ejuarez@manning.com,9732107449,493-79-8278,'4791102820823432
Jason Floyd MD,joanneshaw@williams.org,1061014655,752-99-1057,'4552281965099419
Angela Wright,chadalvarez@gmail.com,8418245557,386-33-3343,'6585635704661076
Russell Stewart,martinezchristopher@gmail.com,8944858896,766-75-9773,'4311093247246219
Angela Hall,msanchez@cuevas.biz,1569524140,079-91-1491,'4473902879626528
Emily Whitney,hcollins@walton.net,6679965297,818-49-6628,'3509175440421311
Jeremy Fischer,ruth84@king-rogers.com,4893655829,692-64-1732,'2221551492646527
Patricia Rodriguez,qbarker@mcfarland.com,9597569019,050-78-9652,'213151399270382
Anthony Mitchell II,bakersarah@williams.com,2792646940,888-36-2187,'4831088332389009438
Heather Howe,jamesgallegos@hotmail.com,6097069041,152-17-7715,'30437258814936
Lucas Smith,christina23@adkins-franklin.net,2898635698,397-06-9928,'4150497714125454871
James Jacobson,cuevasjason@hotmail.com,3672655070,324-14-3722,'4708754862536901437
Donna Cummings,sandra49@sims.com,3003575417,159-08-9967,'4476503974744906
Christopher Ortega,cooksara@banks.com,3105109384,111-34-4563,'4983137604926314
Edward Fuller,stephanietaylor@gmail.com,87936320,689-12-7265,'4059179005578548295
Jennifer Cooper,wilsonkristen@whitehead-hernandez.com,548656650,195-66-1863,'4570573668503715
Ryan Hansen,bholmes@brown.info,9367710442,269-04-3476,'4391929803686616347
Linda Hamilton,margaret47@yu-harris.biz,9222237952,798-06-3832,'4370238587969291676
John Jensen,jennifermcdaniel@brown-ball.info,6925752459,137-42-5057,'4340648818009
Glenda Walker,patricia08@yahoo.com,3362738011,358-70-4454,'180084913098220
Michael Christensen,james99@hotmail.com,6006617085,179-49-5897,'374488010455140
Jonathan Davis,robert23@hotmail.com,6410563465,694-57-9332,'502008123478
Monica Hale,morrowchelsea@hotmail.com,9904964729,762-56-5854,'30468776106497
Melissa Booth,clairepeterson@lucas.com,6558381181,386-19-0891,'4310448725007379
Lisa Lopez,carteramber@owen-ferguson.com,3651443755,573-23-4644,'4693577749176435
Andrew Wells,perezjoseph@yahoo.com,9077147583,819-21-1312,'6011928799001405
Lisa Johns,hebertstanley@cruz-austin.info,6505519503,494-62-4943,'3533648766648436
Tyler Collins,dannyguzman@hotmail.com,3743012766,891-33-5501,'570907256376
Cynthia Willis,uwhite@hotmail.com,3502450630,801-11-9925,'30203666295955
Amanda Perkins,qlloyd@harris-davidson.biz,8874793119,572-71-4194,'569493472181
Caroline Watson,lindafowler@lane-rodriguez.org,886058700,522-75-5842,'213131656001563
Erin Mckinney,bakerrobert@ramirez-peterson.biz,4534000606,357-49-4453,'371582656262241
Paul Moss,ann11@farmer-friedman.biz,5905867408,153-01-3420,'4445474870417617
Raymond Williams,emilypetersen@hotmail.com,4956191607,172-49-9459,'3523025100972198
Trevor Sims MD,xsharp@herring-stewart.com,4551579381,213-76-8414,'375659863342408
Kimberly Guerra,christensenedward@simon.org,2655445858,798-29-7442,'676135610050
William Matthews,drivers@smith.com,8750632862,776-99-3569,'2294256835161570
Perry Wilson,htrujillo@yahoo.com,7754139942,694-21-0512,'3536353624521332
Dawn Spence,myersshelly@yahoo.com,7468283846,579-33-1355,'502084930911
Jeffrey Turner,andreaortega@smith.biz,8722281495,092-41-0649,'4942875631755
Richard Chapman,russelljennings@johnson-ramirez.net,9214881738,565-15-7173,'4040927885164999886
Christopher Kelly,jennifermendez@hotmail.com,4574864717,598-33-4332,'5531933704424653
Tina Bates,kaylamartin@mullins.com,3348148030,478-21-4674,'38841252845402
Tammy Davis,prestonthomas@montoya.com,6475893676,623-51-2848,'378596727929185
Allen Walker,henryrobert@gmail.com,7312682040,662-24-6264,'4942623027514365
Rhonda Sims,april68@strickland.com,1983152800,736-14-8617,'4850837708593866
Travis Bell,tammy39@yahoo.com,7752847717,625-46-4914,'213153648668507
Kimberly Woods,kellyhamilton@yahoo.com,1460247451,506-51-6458,'213123294808384
Richard Wheeler,kimberlygibson@jordan.com,4456099707,197-44-9322,'6524025094911402
Andrew Baker,justintodd@bates.com,9011236967,777-68-5905,'4382061099535
Christine Johnson,kimberlyholmes@hotmail.com,1341475484,106-64-6075,'4858779209672806984
Katherine Smith,morgandenise@hotmail.com,668228957,039-14-5231,'3507107788662943
Robert Wood,daniel42@gmail.com,2022649199,172-32-9906,'3565519868215385
Andre Lee,william40@yahoo.com,9974566620,239-70-6497,'4393460420649110143
Kevin Hughes,markcase@hotmail.com,306219156,710-62-1737,'5189816586494065
Robert Sullivan,matthewsjoy@yahoo.com,7766472112,723-86-6699,'6535690931276827
Laura Davis,walkerpatricia@yahoo.com,2358414750,720-77-1569,'213199996249119
Dana Wright,tinaestrada@hotmail.com,2552830880,135-79-9670,'4577536389557
Natalie Ramirez,seanwilliams@hotmail.com,4991528047,385-66-3721,'4043234730715204
Laura Nguyen DDS,carol51@osborne.net,7560884260,403-55-4471,'6011599352659192
Amanda Hernandez,ugonzales@hotmail.com,1409582713,637-63-6484,'3538302925186434
Benjamin Adams,pfarmer@ryan.biz,7357802429,373-79-6234,'4835764739064974
Sara Martin,robertswillie@gmail.com,3497096133,430-34-0741,'6543570294038180
Regina Chavez,yjohnston@clark.org,6728530776,377-95-8033,'4672967987698437
Brian Moss,stuart86@yahoo.com,7534870377,390-10-2270,'4511284565920509297
Lindsay Charles,rogercowan@thomas.com,2095740121,554-70-7460,'4881668055052302
Nicole Baker,cynthia97@bennett.com,4462520408,818-19-6689,'30040766869325
Tasha Giles,ashley62@gmail.com,743787759,152-55-2496,'343388005500793
Mr. David Davis,kevinduarte@harmon.net,556202051,115-07-2047,'3562444012047985
Rhonda Smith,yolandaoconnor@hotmail.com,4969641028,189-70-5708,'4901224301961700
Rebecca Gibson,steven31@hotmail.com,9557268106,769-23-8202,'4671968220505539
Christopher Summers,susan08@matthews.com,4937236598,548-97-3011,'4359101129332
Eric Robbins,jenniferbarnett@gmail.com,1493868882,869-57-8897,'30310748809164
Mariah Hall,hamiltonmiranda@gmail.com,566322990,188-43-2697,'30074300972436
Logan Moreno,tony57@day.com,2270578235,547-89-4226,'3593899750576888
Dr. Aaron Weaver,hickskathryn@erickson.net,774667584,685-62-1740,'3587918172278556
Eric Perez,elliottmanuel@eaton.com,944194940,188-31-9387,'3566821116281915
Adam Thompson,craig94@hotmail.com,3029980146,894-26-1449,'3537983330205389
Kathy White,cmunoz@gmail.com,1851567916,764-07-0396,'4417239761559015
Ariel Anthony,randallharris@lawrence.com,6280933358,532-51-6880,'6529000409433322
Michael Terry,ypearson@yahoo.com,8536167377,898-02-3964,'3552002158422743
Robert Gray,gibsondana@hotmail.com,4176632288,357-76-9724,'3588210629539825
Gina Goodman,jenniferthomas@james-adams.com,730248719,789-78-8684,'2680163708609333
Albert Rogers,eenglish@henry.net,5869802344,300-25-7303,'060400554543
Lisa Powers,russellandrew@tapia-morgan.com,9636149052,842-23-4238,'2440447206129014
Richard Howell,adamsryan@george.com,1153978111,079-78-7606,'213146161043793
Jason Rodriguez,brendashort@berry-lynch.com,7244291832,779-23-1494,'30304010098879
Philip Schultz,enewton@yahoo.com,3356241093,186-27-7792,'4347660381833578
James Rhodes,garciamichael@gmail.com,928445429,245-10-3345,'4820988652274
Lisa Spears,uthomas@lawson-schultz.info,9793603630,570-82-2532,'3502280308693881
Clinton Campbell,garrettstephanie@jennings-torres.biz,3973160811,031-88-7973,'4822869124860
Yvonne Mcmillan,ganderson@ali.info,7789547552,716-11-1274,'4542859233038757
Hannah Leon,tjackson@gmail.com,915683275,225-47-0294,'3528444121016254
Brenda Cummings,zsanchez@beck-eaton.com,9679169189,089-85-9774,'30086298034086
John Stanley,patriciarodriguez@curry.info,7372196512,340-02-1446,'3500997569495985
Peter Williams,nsanchez@king.com,6266659638,896-64-0683,'630442453365
Mr. William Day,mark75@gray-gonzales.com,4265820624,176-68-9732,'4766803523614
Autumn Cooper,bporter@pittman-dennis.com,5381084705,467-63-6346,'4789412139630442
Eric Rodriguez,campbelllaura@gmail.com,270184706,397-39-9307,'30236393929488
Courtney Black,nicole58@yahoo.com,9733814257,086-07-7206,'676113572033
Steven Marshall,bennettmichael@yahoo.com,3494775533,389-83-5228,'4826948906239
Melanie Reid,robert41@lewis-kramer.com,1527378077,399-22-6890,'6554530437420691
Kathryn Williams,cassandrameza@yahoo.com,1698508754,244-86-1435,'6540187766544695
Matthew Cohen,usanchez@hotmail.com,8645986105,899-60-0128,'3525589583846821
Emily Stephens,lauren03@gmail.com,5867197195,450-02-0582,'30087759025498
John Bean,garciabailey@hotmail.com,1925376660,711-52-5918,'377151352862953
Michelle Patterson,smiththomas@jefferson.com,8368476242,548-45-8430,'3533759397032054
Kelly Perkins,nancyraymond@gill.org,6976613213,226-37-7549,'4655173239097121711
Monique Marquez,smithterri@hotmail.com,4321540423,739-69-9304,'561140071870
Aaron Cross,prattchristina@hotmail.com,3235386091,204-65-2020,'3584828532112721
Brianna Wallace,christian70@yahoo.com,5593978279,233-44-5655,'4556997780622214913
Nicholas Higgins,amycastaneda@hotmail.com,4223174677,141-21-8061,'4444027489056510134
Lisa Frazier,xnorman@miller.com,1387266161,403-58-6951,'4751478900689978
Shane Harrison,popejohn@moore.com,134683988,014-97-4728,'3596278163734383
Jennifer Brown,robbinschristopher@hotmail.com,1485410573,073-44-3827,'4113516751811687286
Carrie Wu,rpena@thompson.com,3486266390,038-01-5058,'3556807894852912
Katherine Donovan,gperry@moreno-gaines.com,6909238290,231-38-4190,'4870728017696969
Kayla Hall,kristopherfox@jones.com,4505010188,039-85-5899,'4295367380377
Kimberly Wagner,greenmatthew@smith.com,9501199696,238-06-0709,'3559475902282477
Teresa Schaefer,david68@yahoo.com,3260121635,131-57-7608,'377369679344873
Jordan Castro,bwalton@oconnor.com,7416578364,456-21-1777,'4163462707466
Grant Marshall MD,jodi91@frederick-park.com,5912322559,622-70-0067,'501800487651
Tyler Cruz,hayesnicholas@woods-martin.com,9757267377,300-64-1941,'36262424868440
Lindsey Wiley,andrearivera@miller.com,8301117818,695-49-7227,'377373878594528
Michele Hoffman,nathan72@yahoo.com,5590748420,183-94-2549,'2437904795506858
David Mitchell,thomasjackson@delacruz.com,601991222,898-72-4103,'4329210772389
Adam Moore,scottmayo@sanchez.biz,3487356558,277-51-5554,'4138282732001624
Carla Brown,rcarpenter@parker.biz,6164953998,624-14-8539,'2264258520471476
Michael Williams,rebeccawallace@hotmail.com,4531173271,301-64-7714,'30302008783502
Hector Warner,smithnicholas@hotmail.com,7248070967,378-20-3007,'3579162875637863
Mary Williams,franklincharlotte@nunez-jones.biz,3539397133,754-86-7504,'3547483188659777
Pamela Smith,rtyler@hotmail.com,1274307768,649-41-1326,'377154527494603
James Vazquez,brandon44@hotmail.com,5096369289,319-52-6683,'180098148512987
Mark Fisher,hcox@hotmail.com,3236659467,629-87-5323,'503875154505
Jacqueline Wilson,paul43@nelson.com,7820385643,870-91-7511,'060466184128
Janice Rubio,sullivandonald@hotmail.com,5356903681,137-29-1213,'213164567856932
Dylan Ayala,hawkinschristy@barrett-washington.com,2188217331,569-82-2255,'4058276147988421
Jasmine Mendoza,michael97@hotmail.com,2796183863,819-43-4840,'4432475952876
Lisa Sherman,nproctor@griffin-williamson.info,7172167002,455-45-1463,'6011437405563725
Chris Jones,toddolson@martin-quinn.info,7363160002,738-55-6033,'2282522878203486
Amy Gibson,hillcharles@yahoo.com,9267620511,836-25-2730,'3579232001736465
Angela Anderson,fporter@yahoo.com,3316761470,715-14-0622,'502055483239
Angela Brown,carrpaul@davis.biz,1359878250,610-45-2512,'6559107519036110
Christopher Andrews,gpope@davis-murphy.net,403868864,875-69-4053,'30238284441276
Rachel Jones,stephen06@phillips.org,5488710060,408-25-4121,'213188212064592
Matthew Velasquez,joshua57@yahoo.com,248175957,617-47-6632,'3502977957593805
Kevin Williams,josekaufman@morrison.com,5038140807,618-45-3472,'4896769722433009
David Blackburn,kayla93@morse.net,2578700547,483-03-7457,'213114967625171
Jamie Gallagher,shannon54@quinn.com,2283180614,651-88-1254,'4393779735297901
Tara West,jeremy91@yahoo.com,8217045689,422-85-8147,'3511574663558351
Cody Mendoza,dbradley@miller.com,9236779424,682-62-2398,'6011443628854198
Sarah Webb,kevinwright@jones.info,9125894299,410-17-1575,'375784675698597
James Elliott,fharrington@hotmail.com,9732686053,508-64-0039,'4281259441877491981
Nicole Gallagher,pwright@frank.biz,8385929264,535-44-5777,'676284833784
Carlos Hill,christopher72@garcia.com,6384478820,499-43-2234,'3580170902245151
Jasmine Castillo PhD,reynoldsadam@gmail.com,8534055793,068-52-5614,'30337868421652
Pamela Lopez,halljennifer@yahoo.com,3993688733,351-56-7726,'3557926288918920
Melanie Lopez,wesleyduncan@day.com,6723939596,662-02-4389,'4184286063936
Dr. Patricia Hogan,qmullins@gross.info,1808758607,300-10-6611,'6011871326821327
Marc Mercer,perrypaula@gmail.com,6295785581,823-73-1692,'213116705306477
Olivia Harris,youngmary@gmail.com,6934011712,005-64-8981,'30012802347640
Amanda York,sharongonzalez@hotmail.com,9576426198,821-99-5547,'4704806658728762
Benjamin Hooper,orodriguez@pratt-brown.com,3153723329,095-39-6289,'571872056510
Robert Griffith,phahn@wiggins.com,6581130110,350-27-7013,'4124823135490965590
Brittney Smith,dawn76@yahoo.com,2393969833,700-55-0260,'4813637016298
Trevor Allen,danny47@yahoo.com,8860527005,694-03-6554,'343028314097897
Edwin Lynn,colleentucker@maldonado.biz,7817109228,859-76-0641,'344801077026611
Paul Jackson,csandoval@hunt.net,5332518046,247-16-3934,'180007551098780
Adam Hamilton,epollard@gmail.com,4489796425,686-42-2694,'4582237016553055
Rachel Lowe,dylan30@yahoo.com,4329810302,211-50-4134,'3598925205399025
Sandra Reese,gary10@vasquez.net,7702821407,226-02-0740,'676264094142
Phillip Levine,caitlin24@lewis.com,9966351006,256-41-4422,'38528209207006
James Roy,jacob08@ruiz-frazier.com,5769891366,754-38-0492,'6504630212126835
Jennifer Johnson,brittany18@hotmail.com,3638454117,731-67-9101,'4751945669244
Jennifer Powell,melissalawrence@gmail.com,2690365326,826-17-8222,'4538761453880
Wendy Williams,brendawilliams@gmail.com,108617980,357-33-5686,'3589335801319255
Megan Hill,ipowers@yahoo.com,3427708213,725-29-8207,'3572750639942475
Lisa Gutierrez,carranita@rogers-martinez.com,2522223801,442-01-7781,'573456261359
Isaiah Ramirez,frederick50@hotmail.com,2439365171,785-49-1747,'4404739491264
Colin Rice,qtaylor@gomez.org,8490566406,675-23-4131,'377196683017025
Kristen Woodward,lori15@parker-king.com,6603632020,675-43-0771,'503890828034
Thomas Stephens,mollyjenkins@sullivan.info,5292375354,147-36-0980,'675945290624
Brenda Aguilar,haileyjones@hotmail.com,9441627789,660-72-8455,'676344948804
Tiffany Jones,barneswilliam@johnson.net,3833594079,714-88-8841,'374382607165800
Raymond Gordon,dbell@young.com,6347650430,680-54-7807,'4814592310778656568
Andrew Ward,jasminejenkins@gmail.com,9164580233,534-54-4973,'5270972087142065
Barbara Joyce,robertthompson@yahoo.com,298305456,356-14-3309,'344751660410005
Andrew Powell,gilbertstephen@gmail.com,7444547204,467-35-3446,'4707111282212
Ralph Palmer,jacksonkara@young-goodman.biz,1948033530,156-06-5079,'213165667628576
Chelsea Allen,michael99@miller.biz,4904424156,103-83-7432,'6011712558111708
Matthew Hull,murphyjoseph@mosley-lara.com,3519736956,078-59-4523,'676275604947
Daniel Little,schmidtjonathan@thomas.com,1212309283,372-63-6567,'4842655326035180
Annette Gomez,hannah68@hotmail.com,570557746,162-95-9131,'3566136369959020
Jessica Ross,michealrodriguez@thomas.org,1042140989,487-57-8503,'4813596197997592
Matthew Steele,jennifergonzalez@walton.com,3126958753,063-24-7845,'370866606490106
William Rodriguez,phillip92@patterson-austin.biz,3442295720,087-74-8821,'676137200280
Robert Simpson,palmeralison@freeman.com,9701605924,656-71-3226,'347904896853509
Tasha Williams,brandonjohnson@yahoo.com,6650141432,679-58-4638,'3532154104105651
Katherine Allison,crawfordjulie@clark.com,4712690565,560-99-3534,'180027164140654
Cynthia Harris,vgray@gmail.com,372246276,372-74-2984,'3551479447722581
Travis Mcdonald,tiffany11@gmail.com,1118590608,015-15-3169,'4735607910236
Melissa Waters,frankwhite@gmail.com,5758851233,041-91-1071,'503873962750
Jennifer Daniels,gschroeder@yahoo.com,8920963927,835-85-1968,'3599328537884781
Mr. David Ortega,timothy80@pham.info,2741507917,345-94-9830,'3591304738682009
Spencer Allen,anna48@clark-williams.net,3144714631,044-50-6975,'346852410794520
Carla Turner,jjackson@yahoo.com,3037621465,342-40-4477,'4143693911915073708
Deborah Phillips,rosebilly@ho.biz,444784445,264-21-3276,'4761688933805272865
Tamara Leon,anthonylopez@abbott-wright.biz,538203298,043-27-0341,'4132673034386067
Lisa Craig,krobinson@yahoo.com,2636180179,181-37-5178,'4004895647061044
Brianna Daniels,mark65@moody.com,1131153936,531-42-2588,'4732870268745398
Sherry Glover,linda22@williams.org,6965363585,729-65-9081,'30275014166922
Dennis Johnson,omiller@mitchell.com,1637727703,320-37-0063,'4883018631631758759
Katelyn Carlson,melvin80@nelson-krause.com,1409089067,386-09-6980,'4863419948101
Angela Turner,pearsondarlene@knox.com,960047316,205-37-6582,'340307154059974
Christian Waters,allenabigail@townsend-ryan.com,3661540594,401-76-3523,'4043331785853
Nicole Brown,scottlara@hotmail.com,5249464445,304-18-0698,'5193109226373327
Erin Green,wking@farrell.com,1916093429,392-30-7053,'38614655426751
Ann Fleming,ronald44@bond.com,8021791135,105-13-8711,'377668877921451
Todd Powell,stephenjohnson@torres.biz,7280414085,505-39-0205,'6525890114940080
Elizabeth Paul,qfernandez@boyle.com,2308747962,199-75-4090,'180028913993898
Meghan Johns,simpsonjohn@henry.com,2993080450,115-52-9063,'2701700046456482
Nancy Wright,whitneyclark@gmail.com,5157571571,180-84-5027,'346532526795070
Thomas Scott,xthomas@zavala.com,4726614762,489-44-0880,'4460929025563679445
Nancy Stevens,williamskristen@kemp.net,3068963852,074-05-5535,'4964064479629613128
Dr. Joseph Sandoval DDS,nicole33@moore.info,411165629,776-52-6878,'6011495497606919
Richard Jackson,thomasjacob@yahoo.com,5856787367,434-17-4275,'4078869316788659
Alexander Hill,parkstephen@hotmail.com,6820631578,755-48-2753,'2277015447545419
Mark Phelps,fernandezsherri@hotmail.com,3217732978,181-32-1190,'6011351452054621
Todd Salazar,reynoldsjessica@gmail.com,2726063719,214-69-7330,'4412465707002738
Nicole Day,williamsmichael@hooper.com,4561459875,778-18-3709,'4492471370473
Chris Velasquez,corey68@smith.net,9356184061,487-99-7233,'4695662560005
Jermaine Jones,samuelstewart@higgins.com,9327046720,234-76-4030,'377831867347638
Kayla Jones,christopherbrown@baker.biz,9890750903,128-21-9442,'4373196475956488915
Paul Stevenson,katherinepalmer@parks.biz,1468798355,565-84-0239,'4425742811172
Christopher Bolton,byrdgregory@yahoo.com,2684076043,396-81-9660,'3516550451456425
David Valencia,andersonmargaret@kline-carroll.info,3593519986,153-43-5959,'4629906928485601214
Joshua Lopez,dcrane@hotmail.com,7241648330,364-78-0261,'3563505388693674
Gregory Frazier,hjimenez@gmail.com,3880862450,068-77-7723,'4286216313038282
George Ortiz,davidmathews@gmail.com,6181900032,324-55-0390,'213178968783693
Mario Warren,robertthomas@morales-rogers.net,2815240236,416-30-0134,'6505455285315282
Jason Hurley,bradley12@hotmail.com,3590356233,270-03-1513,'3567598381654864
Rebecca Hudson,johnsondaniel@freeman-black.com,9882001716,050-47-3767,'3593087087850735
Sarah Johnson,jonathandaugherty@harris.com,2378369192,209-86-3940,'6011595040134044
Nichole Goodwin,brad18@lamb.net,2595341391,071-99-2136,'4267400891186757190
Jacob Garrett,evansmeghan@richards-johnson.biz,5877388701,266-25-7736,'6522946954416855
Jose Murray,cindywilliams@gmail.com,4573075045,665-75-7307,'4050007475119455150
Jamie Thomas,davidatkinson@rogers.info,7879445873,538-43-8029,'4182258662793617
Katrina Rush,lozanoandrew@hotmail.com,5386895798,876-79-4496,'180077818767022
Diana Smith,hannahwiggins@larson-smith.com,7451230141,308-73-5210,'3564615166171386
Jonathan Lindsey,tracywatson@yahoo.com,2790279451,394-95-6508,'6011464548218348
Tracy Kent,phamkathryn@forbes-hall.info,7474605157,004-89-6396,'3580646423372491
Christian Lee,theresamartin@gmail.com,7057356562,588-76-6301,'4702969777303255425
Alison Davis,garciaelizabeth@wells.com,6650316247,193-74-1241,'4669992563297870
William Nguyen,helliott@chapman.net,5883172170,569-02-0722,'4031367543705659
Rebecca Webb,smithmelanie@moore.com,8504542149,366-65-6478,'4747783369192068
Justin Walker,richardarmstrong@garcia.com,9590265513,133-68-5100,'4574454237386401
Robert Doyle,gburke@smith.biz,9350470302,194-68-6254,'3543716270608986
Shannon Manning,ymorgan@gmail.com,6566278665,377-66-4755,'4745615703530870
James Adams,josephnunez@mitchell.com,3088427417,480-40-9615,'345094543927294
Wayne Diaz,rebecca55@hotmail.com,493996182,069-58-4665,'4618083657398097
Sara Hunter,josephgarza@hotmail.com,6805422738,881-82-2342,'2286206600848596
Gabrielle Randolph,clarksean@gmail.com,3662736820,361-81-7606,'630450531623
Carol Stein,stephensmith@hotmail.com,1852116896,528-86-6514,'4103940272911269
Laura Marks,bgilmore@king-taylor.net,2031764819,684-44-6586,'4367724066658307
Anthony Johnson,justin87@hotmail.com,5348493444,099-14-8592,'3536445745086177
Jonathan Yoder,christinabradley@long.biz,3277626202,408-16-2574,'30082355361702
Joseph Olson,victoriawalker@oconnell.com,2936373093,397-32-1878,'2682084244534272
Toni Conner,austindiane@yahoo.com,5765159896,126-91-4488,'4146445576215
Katie Collins,mblanchard@yahoo.com,3473832469,591-44-3201,'4443507652012
Duane Nichols,spadilla@smith.com,6156802975,144-11-8412,'4701656041987850021
Jeffery Kennedy,fbarker@weaver.org,2729620133,567-94-6527,'6011500346310769
Kevin Hood,amy92@hansen.net,1774164864,519-23-0047,'6011430706556126
Keith Lee,gabriellaadams@ibarra.com,1125122485,326-54-4087,'4600392433189521851
Natalie Khan,stephanie70@hotmail.com,5835072107,596-69-9851,'4951319878260
Mark Evans,lisaedwards@blackburn.com,7500892043,833-95-1729,'213199331980246
Ricky Rogers,vcooper@burns.com,4896454034,407-56-3602,'4062567266024
Nicholas Morris,fredericktyler@gmail.com,767849189,615-77-5855,'4919735931462418398
Melissa Gilbert,michael67@gmail.com,3380074320,597-93-2771,'4937108509757903
Jacqueline Arnold,daviddickerson@williams.com,4068176313,281-76-5211,'3524148093683892
Amy Powell,juanray@mclaughlin.info,1690795325,310-97-5249,'4786528155161
Scott Garza,james94@foley-hernandez.org,7595050430,485-36-9886,'676399785150
Heather Jackson,vargasmelissa@hotmail.com,8796756204,130-47-6918,'4334864545262429291
Michelle Morgan,lauren73@dunn.com,2293394170,892-76-7606,'2265262359808880
Jodi Castaneda,lgonzalez@hotmail.com,3903156053,123-54-9786,'340133091338911
Stephanie Caldwell,aarongarcia@johns.com,5075312283,269-95-0755,'6590760042716714
Ryan Greene,stevendouglas@sullivan-flores.net,4278290017,416-53-3487,'213188439061140
Wesley Schmitt,pbrown@yahoo.com,4026585918,838-62-6050,'4488389429575
David Smith,francissteven@hernandez.com,7795303159,285-79-7981,'3532352889479040
Calvin Mckenzie,christine51@hoffman.com,4343710513,561-68-8367,'180003106042795
Amanda Burns,andersonlaura@hernandez.com,5578826057,748-36-1307,'376868053940736
Jacqueline Nichols,alansimpson@yahoo.com,1311314814,782-10-4375,'6518208936410076
Linda Hernandez,nicholasrogers@yahoo.com,3050981306,168-46-8366,'3509947646024069
Alexander Nelson,lisa27@yahoo.com,5187283835,004-60-9726,'4831786398135
Mike Lee,deannafrench@rios.info,8251437304,439-23-5812,'213191200311389
John Martinez,lcox@gates.com,8860370703,621-50-8169,'213112361927185
Lori James,thomasrebecca@goodman.com,1808135371,088-65-6385,'4901186446426837320
Edward Montoya,james86@may.biz,5053742613,787-60-6367,'4236999544017916327
Shelia Acosta,kaitlyn69@gmail.com,569641609,169-74-7399,'573257204681
Ryan Fletcher,christopherproctor@yahoo.com,5001907962,170-65-6679,'4055848008652
Shaun Lynch,bwarner@page.com,9952665246,331-42-8117,'4335014539940
Nicole Graham,wbaxter@hotmail.com,6343661067,259-03-0573,'3584313078929820
Michael Wiley,jay50@smith.com,4313277267,505-34-3742,'5302531322952324
Theresa Campos,laura31@jarvis.com,8780857797,876-42-2769,'675906477004
Wendy Romero,tayloralexis@phillips-parker.net,541675111,383-32-4380,'376719845903062
Peter Henderson,barrywebb@daniels-bradley.biz,7173227803,690-58-1727,'2280312637681798
Sean Roberts,ckelley@cox.biz,8082371547,040-09-1854,'4114837191489574
William Anderson,brianagonzalez@hotmail.com,7920895930,408-54-6160,'4797993285656
Pamela Buckley,oliverwillie@stanley-herrera.biz,858634204,091-64-4606,'3518553142116190
Erin Mason,campbelldebra@wilson.org,6910719767,351-20-5007,'3504032409542873
Scott Morales,donaldschultz@gmail.com,4744914275,611-83-0079,'4587923977331418
Shannon Sullivan,justinevans@cook-peters.com,8083228045,271-58-0497,'4743008068075495
Cody Figueroa,stricklandjamie@gray.com,1815666859,206-11-9090,'4491002191747272
Sheena Cruz,timothy88@gmail.com,4795991107,181-07-8330,'30301911362560
Jose Nicholson,michaelbrown@taylor.net,7417007412,019-20-8843,'180060349285599
Scott Meyer,joshuaphillips@welch.com,4843073599,808-13-2928,'3534326415519006
Dennis Beasley,lisa30@williams-fields.com,4773024215,104-35-7554,'180006666866529
Dr. Nathan Clark,mcleandavid@bailey-marshall.net,3680336775,036-27-6842,'4104156870828388
Alicia Benson,brendanturner@johnson.net,9479303781,266-29-7678,'371180211786810
Laura Howard,jefferybrown@ray-fuller.org,9014396317,006-99-2886,'180050267626643
Sarah Mosley,timothy12@gmail.com,1390706194,618-25-8841,'374118810129260
Sherri Farmer,joshua73@cunningham.net,1736219961,437-53-8974,'3544828870020428
Jonathan Harper,uandrews@gmail.com,7978979080,799-44-5150,'3581053114483902
Manuel Phillips,john44@hotmail.com,1675488079,599-11-0211,'3549480635502814
Robin Wong,kingmelissa@carroll.net,5519787715,832-46-4544,'4522743749612010101
Jamie Gonzalez,jessicahurst@hotmail.com,9797578027,363-20-0887,'377034495586780
Tony Hoffman,ashleyfrazier@ellis.org,930083671,536-09-7839,'213162140715575
Kelly Vargas,melissa00@gmail.com,8817086488,159-09-9917,'3583979428290559
Daniel Walton,heather73@dalton-sullivan.com,7076814707,845-39-8604,'4622560620367215518
Ryan Rowland,johnsonsheri@tran.com,1884747564,572-09-3840,'2255984686880157
Michele Fox,tommy69@martin.com,2473057560,828-10-2837,'6544690695596971
Julie Schmitt,kristin92@reynolds.com,7053517611,789-02-8688,'4927608726948720863
Corey Huff,angelarose@gmail.com,8809622096,519-97-8409,'213169325554687
Kelly Brewer,david76@bowen.info,6527996260,478-46-7736,'4615052874165566
Michael Robinson,williamsrebecca@parker.com,1696643516,726-70-2394,'4280953280222590969
Carrie Allen,joan36@casey.biz,9923717668,581-26-8952,'213161183267528
Tanya Olson,cjennings@chapman.info,1876896134,283-79-0172,'676225188132
Christopher Sloan,obrienamy@gmail.com,4620418019,001-49-0521,'5565105370066964
Amanda Davidson,myerscraig@massey.net,4258608061,644-14-3558,'4869850349082404
Crystal Ramirez,wpeterson@solomon-hart.net,5476953682,680-58-9951,'4369322605297527543
Olivia Allen,ellisonlaura@hotmail.com,6930516182,476-20-3141,'502034321039
Robert Chase,hcooper@lopez.com,3927608038,012-35-0997,'3549019819055999
Anthony Hanson,amy02@gmail.com,4358874440,567-35-4028,'6529871321688031
